"gbifID","species","basisOfRecord","date","year","decimalLatitude","decimalLongitude"
"1989014430","Neoorthocaulis floerkei","Herbarium record",1977-07-30,"1977","57.683333","-126.783333"
"5861746948","Neoorthocaulis floerkei","MATERIAL_SAMPLE",2024-04-24,"2024","50.17361","-125.28139"
"1930673480","Neoorthocaulis floerkei","Herbarium record",1952-07-22,"1952","68.2","-152.78"
"1930646847","Neoorthocaulis floerkei","Herbarium record",1983-07-08,"1983","60.08","-166.0"
"1927829320","Neoorthocaulis floerkei","Herbarium record",1898-05-30,"1898","49.114205","-121.458909"
"1929760552","Neoorthocaulis floerkei","Herbarium record",1975-06-16,"1975","66.95","-156.17"
"1928109651","Neoorthocaulis floerkei","Herbarium record",1977-07-30,"1977","57.68","-126.78"
"1928779293","Neoorthocaulis floerkei","Herbarium record",1996-08-18,"1996","49.4","-122.95"
"1931362731","Neoorthocaulis floerkei","Herbarium record",1982-08-05,"1982","48.84194","-121.68667"
"1927971698","Neoorthocaulis floerkei","Herbarium record",1994-08-10,"1994","51.98619","-176.59333"
"1930358256","Neoorthocaulis floerkei","Herbarium record",,"1929","47.73","-121.08"
"1928530596","Neoorthocaulis floerkei","Herbarium record",1991-06-25,"1991","52.58","-118.97"
"1930629953","Neoorthocaulis floerkei","Herbarium record",2000-08-04,"2000","52.83","173.17"
"1930363021","Neoorthocaulis floerkei","Herbarium record",1975-09-18,"1975","66.97","-156.13"
"1930439012","Neoorthocaulis floerkei","Herbarium record",2000-08-09,"2000","52.8394","173.1367"
"1929952394","Neoorthocaulis floerkei","Herbarium record",1997-08-13,"1997","54.92","-162.33"
"1927874368","Neoorthocaulis floerkei","Herbarium record",2000-08-27,"2000","52.83","173.17"
"1928272539","Neoorthocaulis floerkei","Herbarium record",1963-07-02,"1963","70.48","-157.42"
"1928837145","Neoorthocaulis floerkei","Herbarium record",1993-10-24,"1993","49.45","-123.2"
"2005604616","Neoorthocaulis floerkei","Herbarium record",1990-07-24,"1990","52.16283","-174.331352"
"2005604465","Neoorthocaulis floerkei","Herbarium record",1991-07-27,"1991","49.393333","-122.944444"
"2005604614","Neoorthocaulis floerkei","Herbarium record",,"1934","49.666667","-125.833333"
"2005604406","Neoorthocaulis floerkei","Herbarium record",1968-06-20,"1968","52.86438","173.134664"
"2005604622","Neoorthocaulis floerkei","Herbarium record",1967-12-07,"1967","53.873611","-166.536667"
"2005604376","Neoorthocaulis floerkei","Herbarium record",1968-06-15,"1968","52.899187","172.947896"
"2005604455","Neoorthocaulis floerkei","Herbarium record",1967-07-12,"1967","53.846479","-166.514008"
"2005614953","Neoorthocaulis floerkei","Herbarium record",1990-07-19,"1990","51.810902","-176.573981"
"2005604457","Neoorthocaulis floerkei","Herbarium record",,"1924","49.972073","-117.362032"
"2005604399","Neoorthocaulis floerkei","Herbarium record",1978-10-22,"1978","48.8","-121.833333"
"2005604281","Neoorthocaulis floerkei","Herbarium record",1990-07-24,"1990","52.154405","-174.266807"
"2005604245","Neoorthocaulis floerkei","Herbarium record",1996-08-18,"1996","49.4","-122.95"
"2005604443","Neoorthocaulis floerkei","Herbarium record",1928-07-19,"1928","50.437778","-116.594444"
"2005615062","Neoorthocaulis floerkei","Herbarium record",1975-09-06,"1975","51.884076","-176.692653"
"1804463791","Neoorthocaulis floerkei","Herbarium record",1969-08-22,"1969","50.0164112","-123.0340139"
"1804452957","Neoorthocaulis floerkei","Herbarium record",1971-09-01,"1971","49.2496876","-125.2340527"
"1804455692","Neoorthocaulis floerkei","Herbarium record",1977-07-23,"1977","56.533025","-126.4513111"
"1804553577","Neoorthocaulis floerkei","Herbarium record",1982-07-22,"1982","49.3664073","-123.3340061"
"1804515120","Neoorthocaulis floerkei","Herbarium record",,"1956","50.7497489","-119.4179317"
"1804460186","Neoorthocaulis floerkei","Herbarium record",1977-07-18,"1977","58.2830095","-129.8684848"
"1804392035","Neoorthocaulis floerkei","Herbarium record",1885-07-20,"1885","51.45","-116.317"
"1804515849","Neoorthocaulis floerkei","Herbarium record",1977-07-30,"1977","57.6830381","-126.7843673"
"1949668058","Neoorthocaulis floerkei","Herbarium record",1978-07-19,"1978","50.916667","-124.75"
"1949668211","Neoorthocaulis floerkei","Herbarium record",1978-07-22,"1978","50.6","-124.866667"
"1987924873","Neoorthocaulis floerkei","Herbarium record",2011-09-11,"2011","49.4","-123.1"
"1987925244","Neoorthocaulis floerkei","Herbarium record",1975-09-08,"1975","50.0","-123.1"
"1987816667","Neoorthocaulis floerkei","Herbarium record",1970-08-16,"1970","49.7","-125.4"
"1987838557","Neoorthocaulis floerkei","Herbarium record",1970-09-12,"1970","50.2","-126.3"
"1987895682","Neoorthocaulis floerkei","Herbarium record",2001-08-03,"2001","61.2","-149.89"
"1987889920","Neoorthocaulis floerkei","Herbarium record",1996-09-08,"1996","52.9","-121.4"
"1987802140","Neoorthocaulis floerkei","Herbarium record",1966-07-24,"1966","53.0","-132.1"
"4513894985","Neoorthocaulis floerkei","Herbarium record",1977-07-20,"1977","59.25","-131.233333"
"1987723754","Neoorthocaulis floerkei","Herbarium record",1997-08-13,"1997","54.9","-162.3"
"1987846807","Neoorthocaulis floerkei","Herbarium record",1975-06-10,"1975","49.1","-121.5"
"1987827749","Neoorthocaulis floerkei","Herbarium record",1965-07-25,"1965","54.1","-125.0"
"1987827731","Neoorthocaulis floerkei","Herbarium record",1974-08-07,"1974","50.3","-122.4"
"1987787506","Neoorthocaulis floerkei","Herbarium record",1954-07-13,"1954","50.0","-118.0"
"4899445370","Neoorthocaulis floerkei","Herbarium record",2024-04-24,"2024","50.173611","-125.296667"
"1987719232","Neoorthocaulis floerkei","Herbarium record",1977-07-20,"1977","49.9","-117.6"
"1987793978","Neoorthocaulis floerkei","Herbarium record",1959-08-20,"1959","49.4","-123.0"
"1987778918","Neoorthocaulis floerkei","Herbarium record",1966-06-15,"1966","49.1","-121.4"
"1987860767","Neoorthocaulis floerkei","Herbarium record",,"1958","50.5","-118.7"
"1987810170","Neoorthocaulis floerkei","Herbarium record",1977-07-20,"1977","59.3","-131.2"
"1987784130","Neoorthocaulis floerkei","Herbarium record",1968-08-20,"1968","54.3","-122.5"
"1987931564","Neoorthocaulis floerkei","Herbarium record",1974-08-10,"1974","50.0","-123.2"
"1987783392","Neoorthocaulis floerkei","Herbarium record",1970-09-12,"1970","50.2","-126.3"
"1987765565","Neoorthocaulis floerkei","Herbarium record",1961-09-07,"1961","49.4","-123.0"
"1987762777","Neoorthocaulis floerkei","Herbarium record",1961-08-29,"1961","53.2","-132.5"
"1987917592","Neoorthocaulis floerkei","Herbarium record",1925-07-29,"1925","51.4","-116.3"
"1987761172","Neoorthocaulis floerkei","Herbarium record",1971-08-23,"1971","49.7","-125.6"
"1987849842","Neoorthocaulis floerkei","Herbarium record",1980-06-29,"1980","54.8","-127.3"
"1987839496","Neoorthocaulis floerkei","Herbarium record",1974-08-17,"1974","46.6","-122.86"
"1987932392","Neoorthocaulis floerkei","Herbarium record",2000-08-19,"2000","52.9","173.1"
"1987740908","Neoorthocaulis floerkei","Herbarium record",1998-07-23,"1998","57.2","-157.3"
"1987749696","Neoorthocaulis floerkei","Herbarium record",1968-09-30,"1968","49.4","-123.0"
"1987720969","Neoorthocaulis floerkei","Herbarium record",1969-07-08,"1969","49.0","-124.5"
"1987786359","Neoorthocaulis floerkei","Herbarium record",1954-07-13,"1954","51.2","-118.2"
"1987789655","Neoorthocaulis floerkei","Herbarium record",1969-08-20,"1969","50.1","-122.8"
"1987848711","Neoorthocaulis floerkei","Herbarium record",1974-09-08,"1974","46.6","-122.86"
"1987763272","Neoorthocaulis floerkei","Herbarium record",1974-08-10,"1974","50.0","-123.2"
"1987897972","Neoorthocaulis floerkei","Herbarium record",1964-07-28,"1964","52.9","-132.1"
"1987925546","Neoorthocaulis floerkei","Herbarium record",1977-07-05,"1977","49.4","-118.1"
"1987722986","Neoorthocaulis floerkei","Herbarium record",2005-08-31,"2005","51.8","-176.7"
"1987809654","Neoorthocaulis floerkei","Herbarium record",2008-07-19,"2008","51.8209","-176.6695"
"1987804491","Neoorthocaulis floerkei","Herbarium record",1969-09-14,"1969","50.1","-122.8"
"1987732622","Neoorthocaulis floerkei","Herbarium record",1994-08-10,"1994","51.9862","-176.59"
"1987778151","Neoorthocaulis floerkei","Herbarium record",2007-08-17,"2007","53.8","-166.5"
"1987750234","Neoorthocaulis floerkei","Herbarium record",2005-07-30,"2005","56.94508","-128.5802"
"1987736780","Neoorthocaulis floerkei","Herbarium record",1980-08-02,"1980","49.4","-119.9"
"1987726765","Neoorthocaulis floerkei","Herbarium record",1979-09-06,"1979","52.1","-118.7"
"1987797997","Neoorthocaulis floerkei","Herbarium record",1968-06-14,"1968","56.28","-132.43"
"1987740478","Neoorthocaulis floerkei","Herbarium record",1980-09-03,"1980","49.8","-123.0"
"1987865451","Neoorthocaulis floerkei","Herbarium record",1964-09-11,"1964","54.3","-130.3"
"1987744508","Neoorthocaulis floerkei","Herbarium record",1985-08-07,"1985","52.9","-131.8"
"1987909147","Neoorthocaulis floerkei","Herbarium record",2000-08-19,"2000","52.9","173.2"
"1987837772","Neoorthocaulis floerkei","Herbarium record",1975-07-06,"1975","50.2","-123.3"
"1987819127","Neoorthocaulis floerkei","Herbarium record",1980-07-13,"1980","49.4","-123.2"
"1987809912","Neoorthocaulis floerkei","Herbarium record",1974-08-10,"1974","50.0","-123.2"
"1987831065","Neoorthocaulis floerkei","Herbarium record",1974-08-24,"1974","46.6","-122.86"
"1987927085","Neoorthocaulis floerkei","Herbarium record",1982-08-20,"1982","49.6","-125.7"
"1987885605","Neoorthocaulis floerkei","Herbarium record",1966-07-24,"1966","53.0","-132.1"
"1987913092","Neoorthocaulis floerkei","Herbarium record",1978-10-22,"1978","48.8","-121.8"
"1987780512","Neoorthocaulis floerkei","Herbarium record",1998-07-13,"1998","57.6","-156.8"
"1987753670","Neoorthocaulis floerkei","Herbarium record",1968-05-20,"1968","55.5","-133.1"
"1987794555","Neoorthocaulis floerkei","Herbarium record",1963-07-14,"1963","49.7","-125.5"
"1987824021","Neoorthocaulis floerkei","Herbarium record",1967-09-14,"1967","47.91","-122.1"
"1987831975","Neoorthocaulis floerkei","Herbarium record",1964-09-05,"1964","47.91","-122.1"
"1987925366","Neoorthocaulis floerkei","Herbarium record",1959-07-29,"1959","50.2","-117.9"
"1987790929","Neoorthocaulis floerkei","Herbarium record",1996-08-18,"1996","49.4","-123.0"
"1987784680","Neoorthocaulis floerkei","Herbarium record",2008-07-25,"2008","51.8213","-176.6689"
"1987819122","Neoorthocaulis floerkei","Herbarium record",1968-05-23,"1968","55.4","-131.8"
"1987815586","Neoorthocaulis floerkei","Herbarium record",1968-06-14,"1968","56.28","-132.43"
"1987921331","Neoorthocaulis floerkei","Herbarium record",1980-09-03,"1980","49.8","-123.0"
"1987746906","Neoorthocaulis floerkei","Herbarium record",1973-10-28,"1973","49.4","-123.0"
"1987740543","Neoorthocaulis floerkei","Herbarium record",1962-09-05,"1962","49.5","-123.2"
"1987785732","Neoorthocaulis floerkei","Herbarium record",1962-09-15,"1962","47.91","-122.1"
"1987933654","Neoorthocaulis floerkei","Herbarium record",1970-09-12,"1970","50.2","-126.3"
"1987781011","Neoorthocaulis floerkei","Herbarium record",2000-08-09,"2000","52.84","173.14"
"1987893217","Neoorthocaulis floerkei","Herbarium record",1994-08-26,"1994","51.7199","-176.5971"
"1987930870","Neoorthocaulis floerkei","Herbarium record",1963-08-16,"1963","49.6","-125.7"
"1987907941","Neoorthocaulis floerkei","Herbarium record",1960-09-20,"1960","49.4","-123.1"
"1987911179","Neoorthocaulis floerkei","Herbarium record",1996-07-07,"1996","54.9","-159.3"
"1987751134","Neoorthocaulis floerkei","Herbarium record",1974-09-02,"1974","50.5","-123.6"
"1987923314","Neoorthocaulis floerkei","Herbarium record",2008-07-21,"2008","51.84","-176.6644"
"1987727682","Neoorthocaulis floerkei","Herbarium record",1968-09-30,"1968","49.4","-123.0"
"1987730180","Neoorthocaulis floerkei","Herbarium record",1993-10-19,"1993","49.7","-123.9"
"1987791530","Neoorthocaulis floerkei","Herbarium record",1971-09-01,"1971","49.3","-125.2"
"1987775327","Neoorthocaulis floerkei","Herbarium record",1974-08-31,"1974","50.5","-123.6"
"1987897461","Neoorthocaulis floerkei","Herbarium record",2007-08-13,"2007","53.8","-166.5"
"1987902311","Neoorthocaulis floerkei","Herbarium record",2012-07-22,"2012","49.4","-123.21"
"1987889339","Neoorthocaulis floerkei","Herbarium record",1963-09-26,"1963","46.78","-121.78"
"1987877642","Neoorthocaulis floerkei","Herbarium record",1968-07-31,"1968","52.8","-132.0"
"1987850762","Neoorthocaulis floerkei","Herbarium record",1980-08-06,"1980","49.4","-123.0"
"1987874284","Neoorthocaulis floerkei","Herbarium record",1964-07-28,"1964","52.9","-132.1"
"1987835655","Neoorthocaulis floerkei","Herbarium record",1968-08-04,"1968","57.09","-134.83"
"1987828067","Neoorthocaulis floerkei","Herbarium record",1974-09-08,"1974","46.6","-122.86"
"1987915608","Neoorthocaulis floerkei","Herbarium record",1981-07-06,"1981","51.8","-119.8"
"1987910247","Neoorthocaulis floerkei","Herbarium record",1984-08-10,"1984","50.2","-127.7"
"1987905053","Neoorthocaulis floerkei","Herbarium record",1974-09-02,"1974","50.5","-123.6"
"1987888327","Neoorthocaulis floerkei","Herbarium record",2008-07-09,"2008","51.8264","-176.7646"
"1987915037","Neoorthocaulis floerkei","Herbarium record",1971-09-01,"1971","49.3","-125.2"
"1987855229","Neoorthocaulis floerkei","Herbarium record",1974-06-26,"1974","49.5","-125.5"
"1987865606","Neoorthocaulis floerkei","Herbarium record",1969-07-12,"1969","49.1","-124.3"
"1987773958","Neoorthocaulis floerkei","Herbarium record",1975-08-02,"1975","46.6","-122.86"
"1987859193","Neoorthocaulis floerkei","Herbarium record",1969-09-15,"1969","50.0","-123.1"
"1987819515","Neoorthocaulis floerkei","Herbarium record",1980-08-18,"1980","50.0","-123.1"
"1987806212","Neoorthocaulis floerkei","Herbarium record",1962-07-04,"1962","47.91","-122.1"
"1987867130","Neoorthocaulis floerkei","Herbarium record",1977-08-10,"1977","51.2","-123.0"
"1987902975","Neoorthocaulis floerkei","Herbarium record",1974-08-10,"1974","50.0","-123.2"
"1987784453","Neoorthocaulis floerkei","Herbarium record",1968-08-04,"1968","49.7","-118.9"
"1987923623","Neoorthocaulis floerkei","Herbarium record",1963-06-11,"1963","54.4","-128.6"
"1987808577","Neoorthocaulis floerkei","Herbarium record",1959-06-29,"1959","49.4","-123.0"
"1987860784","Neoorthocaulis floerkei","Herbarium record",1974-09-02,"1974","50.5","-123.5"
"1987895078","Neoorthocaulis floerkei","Herbarium record",1978-10-22,"1978","48.8","-121.8"
"1987753407","Neoorthocaulis floerkei","Herbarium record",1970-08-16,"1970","49.7","-125.4"
"1987928594","Neoorthocaulis floerkei","Herbarium record",1974-10-12,"1974","50.1","-122.8"
"1987735522","Neoorthocaulis floerkei","Herbarium record",1973-10-28,"1973","49.4","-123.0"
"1987866658","Neoorthocaulis floerkei","Herbarium record",1964-07-25,"1964","52.9","-132.1"
"1987916861","Neoorthocaulis floerkei","Herbarium record",1980-07-26,"1980","52.8","-132.0"
"1987864901","Neoorthocaulis floerkei","Herbarium record",1968-09-01,"1968","58.3","-134.42"
"1987817116","Neoorthocaulis floerkei","Herbarium record",1974-08-31,"1974","50.5","-123.6"
"1987889529","Neoorthocaulis floerkei","Herbarium record",1980-08-19,"1980","50.0","-123.1"
"1987884506","Neoorthocaulis floerkei","Herbarium record",1975-07-13,"1975","49.5","-123.2"
"1987872632","Neoorthocaulis floerkei","Herbarium record",1975-08-03,"1975","46.6","-122.86"
"1987826688","Neoorthocaulis floerkei","Herbarium record",2002-10-23,"2002","48.1","-121.5"
"1987822877","Neoorthocaulis floerkei","Herbarium record",1970-09-12,"1970","50.2","-126.3"
"1987794878","Neoorthocaulis floerkei","Herbarium record",1974-10-12,"1974","50.069651","-122.946573"
"1987847801","Neoorthocaulis floerkei","Herbarium record",1977-08-22,"1977","51.3","-117.5"
"1987862264","Neoorthocaulis floerkei","Herbarium record",2000-08-12,"2000","52.9","173.2"
"1987838097","Neoorthocaulis floerkei","Herbarium record",1977-04-16,"1977","49.4","-122.5"
"4899444760","Neoorthocaulis floerkei","Herbarium record",2022-07-17,"2022","49.345556","-122.825833"
"1987814967","Neoorthocaulis floerkei","Herbarium record",2008-07-22,"2008","51.84","-176.6644"
"1987809361","Neoorthocaulis floerkei","Herbarium record",1994-08-18,"1994","51.8483","-176.721"
"1987827173","Neoorthocaulis floerkei","Herbarium record",2005-08-31,"2005","51.8","-176.7"
"1987822118","Neoorthocaulis floerkei","Herbarium record",1949-10-12,"1949","49.3","-121.2"
"1987779540","Neoorthocaulis floerkei","Herbarium record",1959-05-30,"1959","50.2","-117.6"
"1987743595","Neoorthocaulis floerkei","Herbarium record",2000-07-23,"2000","57.4","-156.5"
"1987742146","Neoorthocaulis floerkei","Herbarium record",1964-11-06,"1964","50.1","-123.1"
"1987761759","Neoorthocaulis floerkei","Herbarium record",1993-10-24,"1993","49.4","-123.2"
"1987818196","Neoorthocaulis floerkei","Herbarium record",1970-08-24,"1970","49.5","-125.6"
"1987770079","Neoorthocaulis floerkei","Herbarium record",1965-07-15,"1965","54.1","-124.8"
"1987723598","Neoorthocaulis floerkei","Herbarium record",,"1966","49.7","-121.9"
"1987781917","Neoorthocaulis floerkei","Herbarium record",1964-07-27,"1964","52.9","-132.1"
"1987757911","Neoorthocaulis floerkei","Herbarium record",1973-08-05,"1973","49.0","-121.8"
"1987733030","Neoorthocaulis floerkei","Herbarium record",1969-08-01,"1969","49.3","-124.6"
"1987795318","Neoorthocaulis floerkei","Herbarium record",2015-07-31,"2015","51.5498","-117.5553"
"1987912224","Neoorthocaulis floerkei","Herbarium record",1968-08-01,"1968","49.7","-118.9"
"1987833632","Neoorthocaulis floerkei","Herbarium record",1972-06-25,"1972","49.4","-123.0"
"1987842603","Neoorthocaulis floerkei","Herbarium record",2006-08-29,"2006","51.91","-176.717"
"4513883504","Neoorthocaulis floerkei","Herbarium record",1974-07-03,"1974","55.366667","-122.616667"
"1987887500","Neoorthocaulis floerkei","Herbarium record",2000-08-14,"2000","52.9","173.2"
"1987873615","Neoorthocaulis floerkei","Herbarium record",1980-08-07,"1980","49.4","-123.0"
"1987846067","Neoorthocaulis floerkei","Herbarium record",1974-09-01,"1974","50.5","-123.6"
"1987885589","Neoorthocaulis floerkei","Herbarium record",1963-10-19,"1963","48.75","-122.48"
"1987812595","Neoorthocaulis floerkei","Herbarium record",1970-08-16,"1970","49.7","-125.4"
"1987813028","Neoorthocaulis floerkei","Herbarium record",2003-07-05,"2003","52.2","-126.3"
"1987859540","Neoorthocaulis floerkei","Herbarium record",1971-08-23,"1971","49.7","-125.6"
"1987767941","Neoorthocaulis floerkei","Herbarium record",1949-07-30,"1949","49.4","-123.0"
"1987724940","Neoorthocaulis floerkei","Herbarium record",1967-07-25,"1967","57.06","-135.27"
"1987765467","Neoorthocaulis floerkei","Herbarium record",2003-07-24,"2003","66.17","-160.25"
"1987723336","Neoorthocaulis floerkei","Herbarium record",1994-08-26,"1994","51.7199","-176.5971"
"1987785919","Neoorthocaulis floerkei","Herbarium record",1963-06-13,"1963","54.3","-129.7"
"1987795620","Neoorthocaulis floerkei","Herbarium record",1962-09-15,"1962","47.91","-122.1"
"1987771919","Neoorthocaulis floerkei","Herbarium record",2000-08-09,"2000","52.84","173.14"
"1987812344","Neoorthocaulis floerkei","Herbarium record",2001-09-29,"2001","46.6","-121.4"
"1987815287","Neoorthocaulis floerkei","Herbarium record",1980-08-06,"1980","49.4","-123.0"
"1987804749","Neoorthocaulis floerkei","Herbarium record",1950-07-13,"1950","49.1","-124.4"
"1987731225","Neoorthocaulis floerkei","Herbarium record",1970-08-24,"1970","49.5","-125.6"
"1987762975","Neoorthocaulis floerkei","Herbarium record",2008-07-24,"2008","51.8361","-176.6685"
"1987738344","Neoorthocaulis floerkei","Herbarium record",1995-09-07,"1995","50.8","-124.0"
"1052491909","Neoorthocaulis floerkei","Herbarium record",2006-08-17,"2006","51.907944","-176.706028"
"4856306685","Neoorthocaulis floerkei","Herbarium record",1995-08-20,"1995","48.05","-121.7"
"4856401197","Neoorthocaulis floerkei","Herbarium record",1998-08-08,"1998","47.783333","-123.483333"
"4856566207","Neoorthocaulis floerkei","Herbarium record",1993-07-27,"1993","48.066667","-121.283333"
"4856589447","Neoorthocaulis floerkei","Herbarium record",1993-07-27,"1993","48.066667","-121.483333"
"1805432269","Neoorthocaulis floerkei","Herbarium record",,"1893","47.61028","-121.42556"
"1805426918","Neoorthocaulis floerkei","Herbarium record",1932-07-20,"1932","48.81981","-121.71929"
"1805285633","Neoorthocaulis floerkei","Herbarium record",,"1902","48.55","-124.416667"
"1805292068","Neoorthocaulis floerkei","Herbarium record",,"1902","48.55","-124.416667"
"1805292740","Neoorthocaulis floerkei","Herbarium record",1898-05-30,"1898","59.783333","-135.08333"
"1805432487","Neoorthocaulis floerkei","Herbarium record",1930-08-29,"1930","48.04557","-123.93247"
"5196028642","Neoorthocaulis floerkei","Herbarium record",2006-07-21,"2006","63.76265","-149.406816"
"5196098639","Neoorthocaulis floerkei","Herbarium record",2009-07-29,"2009","59.118217","-155.085668"
"5196122102","Neoorthocaulis floerkei","Herbarium record",1993-08-01,"1993","55.133333","-162.816667"
"5196122104","Neoorthocaulis floerkei","Herbarium record",1995-07-14,"1995","54.916667","-159.25"
"5196122106","Neoorthocaulis floerkei","Herbarium record",1994-08-12,"1994","51.816667","-176.616667"
"5196122108","Neoorthocaulis floerkei","Herbarium record",1998-07-13,"1998","57.566667","-156.8"
"5196122112","Neoorthocaulis floerkei","Herbarium record",2001-08-03,"2001","61.216667","-149.891667"
"5196122114","Neoorthocaulis floerkei","Herbarium record",2006-07-27,"2006","57.584917","-153.398583"
"5196122154","Neoorthocaulis floerkei","Herbarium record",1993-06-24,"1993","60.15","-152.6"
"5196122256","Neoorthocaulis floerkei","Herbarium record",2006-07-21,"2006","57.662917","-153.262111"
"5196122257","Neoorthocaulis floerkei","Herbarium record",2001-07-25,"2001","63.698333","-142.256944"
"5196227281","Neoorthocaulis floerkei","Herbarium record",2015-05-17,"2015","56.34425","-132.26628"
"5196227282","Neoorthocaulis floerkei","Herbarium record",2015-05-17,"2015","56.34425","-132.26628"
"5196227284","Neoorthocaulis floerkei","Herbarium record",2015-10-24,"2015","56.34425","-132.26628"
"2252161997","Neoorthocaulis floerkei","Herbarium record",1979-09-06,"1979","52.08333","-118.66667"
"2252168330","Neoorthocaulis floerkei","Herbarium record",1954-07-13,"1954","51.166667","-118.166667"
"5895551954","Neoorthocaulis floerkei","Herbarium record",1929-09-09,"1929","47.981923","-121.398788"
"5895553830","Neoorthocaulis floerkei","Herbarium record",2001-07-11,"2001","48.191382","-120.900249"
"5895554956","Neoorthocaulis floerkei","Herbarium record",1953-07-02,"1953","46.75","-121.81139"
"5895561732","Neoorthocaulis floerkei","Herbarium record",1905-07-12,"1905","48.555023","-122.622185"
"5895565178","Neoorthocaulis floerkei","Herbarium record",1934-07-26,"1934","47.74639","-121.08472"
"5895576732","Neoorthocaulis floerkei","Herbarium record",1934-07-26,"1934","47.74775","-121.085472"
"5895586412","Neoorthocaulis floerkei","Herbarium record",1934-07-26,"1934","47.747865","-121.08633"
"5895586979","Neoorthocaulis floerkei","Herbarium record",1931-07-04,"1931","47.94051","-123.53999"
"5895587147","Neoorthocaulis floerkei","Herbarium record",2001-07-10,"2001","46.2801319","-121.5762938"
"5895593143","Neoorthocaulis floerkei","Herbarium record",1931-07-04,"1931","47.94051","-123.53999"
"5895594458","Neoorthocaulis floerkei","Herbarium record",1973-09-30,"1973","48.057391","-121.516363"
"5895597254","Neoorthocaulis floerkei","Herbarium record",,"1905","58.30194","-134.41972"
"5895606814","Neoorthocaulis floerkei","Herbarium record",1995-04-10,"1995","47.7859276","-121.4215203"
"5895618340","Neoorthocaulis floerkei","Herbarium record",2001-07-26,"2001","47.5986308","-121.1358089"
"5895618425","Neoorthocaulis floerkei","Herbarium record",2001-07-03,"2001","48.2333264","-121.4594308"
"5895622427","Neoorthocaulis floerkei","Herbarium record",1945-08-29,"1945","48.116667","-121.4"
"5895625427","Neoorthocaulis floerkei","Herbarium record",1907-08-09,"1907","47.767678","-123.577752"
"5895635445","Neoorthocaulis floerkei","Herbarium record",1912-09-20,"1912","51.357901","-116.332426"
"5895635935","Neoorthocaulis floerkei","Herbarium record",1928-09-29,"1928","48.26516","-121.656928"
"5895641972","Neoorthocaulis floerkei","Herbarium record",1945-08-29,"1945","48.116667","-121.4"
"5895645656","Neoorthocaulis floerkei","Herbarium record",1930-08-29,"1930","47.97639","-123.68694"
"5895659723","Neoorthocaulis floerkei","Herbarium record",1934-07-26,"1934","47.74775","-121.085472"
"5895661873","Neoorthocaulis floerkei","Herbarium record",1911-08-08,"1911","47.99556","-123.46528"
"5895665793","Neoorthocaulis floerkei","Herbarium record",2001-08-29,"2001","47.6694271","-121.5070201"
"5895670062","Neoorthocaulis floerkei","Herbarium record",1921-08-20,"1921","47.354682","-121.370983"
"5895674071","Neoorthocaulis floerkei","Herbarium record",1953-07-02,"1953","46.75","-121.81139"
"5895675702","Neoorthocaulis floerkei","Herbarium record",1921-08-21,"1921","47.354682","-121.370983"
"5895678128","Neoorthocaulis floerkei","Herbarium record",2001-07-18,"2001","47.485822","-122.209232"
"5895681463","Neoorthocaulis floerkei","Herbarium record",,"1929","47.747865","-121.08633"
"5895681824","Neoorthocaulis floerkei","Herbarium record",2007-07-17,"2007","47.31881","-121.58535"
"3416727865","Neoorthocaulis floerkei","Herbarium record",1982-08-05,"1982","48.816428","-121.739104"
"4076845542","Neoorthocaulis floerkei","Herbarium record",1912-09-22,"1912","51.356811","-116.336642"
"4076845541","Neoorthocaulis floerkei","Herbarium record",1913-07-26,"1913","58.791667","-124.769722"
"4076849962","Neoorthocaulis floerkei","Herbarium record",1982-07-15,"1982","48.863249","-121.67934"
"5101191683","Neoorthocaulis floerkei","Herbarium record",1961-07-19,"1961","52.0","-120.0"
"5101191721","Neoorthocaulis floerkei","Herbarium record",1961-07-20,"1961","52.0","-120.0"
"5101191815","Neoorthocaulis floerkei","Herbarium record",1961-07-23,"1961","52.0","-120.0"
"5101191816","Neoorthocaulis floerkei","Herbarium record",1961-07-23,"1961","52.0","-120.0"
"5130135529","Neoorthocaulis floerkei","Herbarium record",1961-07-23,"1961","52.0","-120.0"
"5076368111","Neoorthocaulis floerkei","Herbarium record",,"1885","51.830858","-117.33124"
"5076404949","Neoorthocaulis floerkei","Herbarium record",1966-08-11,"1966","58.64","-134.2"
"4513885377","Neoorthocaulis floerkei","Herbarium record",1977-07-20,"1977","59.25","-131.233333"
"1987910494","Neoorthocaulis floerkei","Herbarium record",1970-09-12,"1970","50.2","-126.3"
"1987899628","Neoorthocaulis floerkei","Herbarium record",1996-09-06,"1996","49.3","-122.8"
"1987933226","Neoorthocaulis floerkei","Herbarium record",1970-09-12,"1970","50.2","-126.3"
"1987885021","Neoorthocaulis floerkei","Herbarium record",1961-06-20,"1961","49.4","-123.0"
"1987866994","Neoorthocaulis floerkei","Herbarium record",2000-07-26,"2000","57.4","-156.5"
"1987921602","Neoorthocaulis floerkei","Herbarium record",1999-10-21,"1999","49.4","-123.0"
"1987821775","Neoorthocaulis floerkei","Herbarium record",2011-09-11,"2011","49.4","-123.1"
"1987814095","Neoorthocaulis floerkei","Herbarium record",1968-08-03,"1968","49.7","-118.9"
"1987822307","Neoorthocaulis floerkei","Herbarium record",1964-11-19,"1964","54.3","-130.3"
"1987804706","Neoorthocaulis floerkei","Herbarium record",1973-10-28,"1973","49.4","-123.0"
"1987792638","Neoorthocaulis floerkei","Herbarium record",1974-09-02,"1974","50.5","-123.6"
"1987732215","Neoorthocaulis floerkei","Herbarium record",2007-08-19,"2007","53.8","-166.5"
"1987874889","Neoorthocaulis floerkei","Herbarium record",1970-08-24,"1970","49.5","-125.6"
"1987877719","Neoorthocaulis floerkei","Herbarium record",1980-06-20,"1980","50.0","-123.1"
"1987746071","Neoorthocaulis floerkei","Herbarium record",1980-08-06,"1980","49.4","-123.0"
"1987832287","Neoorthocaulis floerkei","Herbarium record",1962-05-01,"1962","49.2","-119.6"
"1987817073","Neoorthocaulis floerkei","Herbarium record",2006-07-27,"2006","57.585","-153.399"
"1987930574","Neoorthocaulis floerkei","Herbarium record",1970-08-16,"1970","49.7","-125.4"
"1987796464","Neoorthocaulis floerkei","Herbarium record",2007-08-05,"2007","53.8","-166.5"
"1987868765","Neoorthocaulis floerkei","Herbarium record",1970-09-12,"1970","50.2","-126.3"
"1987783472","Neoorthocaulis floerkei","Herbarium record",1968-08-20,"1968","54.3","-122.5"
"1987784167","Neoorthocaulis floerkei","Herbarium record",1964-07-25,"1964","52.9","-132.1"
"1987761442","Neoorthocaulis floerkei","Herbarium record",1971-09-01,"1971","49.3","-125.2"
"1987753052","Neoorthocaulis floerkei","Herbarium record",1970-06-26,"1970","50.9","-118.8"
"1987854864","Neoorthocaulis floerkei","Herbarium record",1994-08-17,"1994","51.8192","-176.6451"
"1987737298","Neoorthocaulis floerkei","Herbarium record",1963-09-22,"1963","49.4","-123.1"
"1987852701","Neoorthocaulis floerkei","Herbarium record",1975-08-02,"1975","46.6","-122.86"
"1987818132","Neoorthocaulis floerkei","Herbarium record",1969-07-05,"1969","49.7","-118.9"
"1987801072","Neoorthocaulis floerkei","Herbarium record",2014-08-23,"2014","49.1","-117.7"
"1987820562","Neoorthocaulis floerkei","Herbarium record",1995-09-17,"1995","49.4","-122.9"
"1987794382","Neoorthocaulis floerkei","Herbarium record",1974-09-01,"1974","50.6","-123.4"
"1987798312","Neoorthocaulis floerkei","Herbarium record",1949-07-30,"1949","49.4","-123.0"
"1987798454","Neoorthocaulis floerkei","Herbarium record",1977-11-29,"1977","49.4","-122.5"
"1987788247","Neoorthocaulis floerkei","Herbarium record",1968-08-28,"1968","49.7","-118.9"
"1987928363","Neoorthocaulis floerkei","Herbarium record",2008-07-19,"2008","51.8","-176.68"
"1987928263","Neoorthocaulis floerkei","Herbarium record",1964-07-21,"1964","54.6","-127.7"
"1987903923","Neoorthocaulis floerkei","Herbarium record",1980-08-26,"1980","50.1","-122.8"
"1987866813","Neoorthocaulis floerkei","Herbarium record",1969-07-05,"1969","53.0","-121.7"
"1987844113","Neoorthocaulis floerkei","Herbarium record",1974-08-17,"1974","46.6","-122.86"
"1987908518","Neoorthocaulis floerkei","Herbarium record",1970-09-12,"1970","50.2","-126.3"
"1987906862","Neoorthocaulis floerkei","Herbarium record",1970-09-12,"1970","50.2","-126.3"
"1987875387","Neoorthocaulis floerkei","Herbarium record",1975-09-08,"1975","50.0","-123.1"
"1987845834","Neoorthocaulis floerkei","Herbarium record",1964-09-04,"1964","49.25","-123.12"
"1987916598","Neoorthocaulis floerkei","Herbarium record",1959-07-07,"1959","50.3","-118.1"
"1987882214","Neoorthocaulis floerkei","Herbarium record",1968-08-05,"1968","49.7","-118.9"
"1987832272","Neoorthocaulis floerkei","Herbarium record",1975-07-13,"1975","49.5","-123.2"
"1987808625","Neoorthocaulis floerkei","Herbarium record",2006-08-17,"2006","51.908","-176.706"
"1987868661","Neoorthocaulis floerkei","Herbarium record",2002-09-14,"2002","52.9","173.2"
"1987803991","Neoorthocaulis floerkei","Herbarium record",2007-08-10,"2007","53.8","-166.5"
"1987775371","Neoorthocaulis floerkei","Herbarium record",1980-08-06,"1980","49.4","-123.0"
"1987801550","Neoorthocaulis floerkei","Herbarium record",1970-09-12,"1970","50.2","-126.3"
"1987800342","Neoorthocaulis floerkei","Herbarium record",1977-08-02,"1977","51.2","-123.1"
"1987776507","Neoorthocaulis floerkei","Herbarium record",2000-08-22,"2000","52.84","173.14"
"1987764330","Neoorthocaulis floerkei","Herbarium record",1975-08-02,"1975","46.6","-122.86"
"1987746154","Neoorthocaulis floerkei","Herbarium record",2014-08-23,"2014","50.12","-122.95"
"1987750345","Neoorthocaulis floerkei","Herbarium record",1985-08-18,"1985","53.7","-132.1"
"1987744992","Neoorthocaulis floerkei","Herbarium record",2008-07-19,"2008","51.8209","-176.6695"
"1987720030","Neoorthocaulis floerkei","Herbarium record",,"1966","53.8","-128.5"
"1987777049","Neoorthocaulis floerkei","Herbarium record",1962-07-04,"1962","47.91","-122.1"
"1987924019","Neoorthocaulis floerkei","Herbarium record",1962-09-05,"1962","49.5","-123.2"
"1987724325","Neoorthocaulis floerkei","Herbarium record",1969-08-12,"1969","49.7","-125.2"
"1987920529","Neoorthocaulis floerkei","Herbarium record",1998-07-26,"1998","57.2","-157.3"
"1987909595","Neoorthocaulis floerkei","Herbarium record",1974-06-17,"1974","49.1","-121.8"
"1987927988","Neoorthocaulis floerkei","Herbarium record",1975-09-08,"1975","49.9","-123.0"
"1987928348","Neoorthocaulis floerkei","Herbarium record",2000-08-25,"2000","52.8","172.8"
"1987914782","Neoorthocaulis floerkei","Herbarium record",1971-09-01,"1971","49.3","-125.2"
"1987851895","Neoorthocaulis floerkei","Herbarium record",,"1980","50.3","-122.2"
"1987874283","Neoorthocaulis floerkei","Herbarium record",2000-08-25,"2000","52.8","172.8"
"1987850278","Neoorthocaulis floerkei","Herbarium record",1959-06-12,"1959","50.2","-117.6"
"1987849791","Neoorthocaulis floerkei","Herbarium record",1977-09-01,"1977","49.4","-123.0"
"1987882824","Neoorthocaulis floerkei","Herbarium record",2014-07-19,"2014","56.06","-156.7"
"1987871401","Neoorthocaulis floerkei","Herbarium record",2008-07-19,"2008","51.8","-176.68"
"1987858744","Neoorthocaulis floerkei","Herbarium record",1966-07-24,"1966","53.0","-132.1"
"1987817688","Neoorthocaulis floerkei","Herbarium record",1993-08-01,"1993","55.1","-162.8"
"1987821937","Neoorthocaulis floerkei","Herbarium record",1997-08-13,"1997","54.9","-162.3"
"1987818471","Neoorthocaulis floerkei","Herbarium record",2000-08-10,"2000","52.9","173.2"
"1987813761","Neoorthocaulis floerkei","Herbarium record",1983-07-08,"1983","60.1","-166.0"
"1987847074","Neoorthocaulis floerkei","Herbarium record",1993-10-19,"1993","49.7","-123.9"
"1987846790","Neoorthocaulis floerkei","Herbarium record",1961-06-20,"1961","49.4","-123.0"
"1987869515","Neoorthocaulis floerkei","Herbarium record",2000-08-02,"2000","52.8","173.1"
"1987905305","Neoorthocaulis floerkei","Herbarium record",1970-09-12,"1970","50.2","-126.3"
"1987761653","Neoorthocaulis floerkei","Herbarium record",2007-08-20,"2007","53.8","-166.5"
"1987815463","Neoorthocaulis floerkei","Herbarium record",1980-08-12,"1980","52.79","-119.31"
"1987746970","Neoorthocaulis floerkei","Herbarium record",2007-08-21,"2007","53.8","-166.5"
"1987785038","Neoorthocaulis floerkei","Herbarium record",1974-10-22,"1974","49.4","-123.0"
"1987753293","Neoorthocaulis floerkei","Herbarium record",2008-07-22,"2008","51.84","-176.6644"
"1987769907","Neoorthocaulis floerkei","Herbarium record",2001-07-25,"2001","63.7","-142.26"
"1987725224","Neoorthocaulis floerkei","Herbarium record",2000-08-19,"2000","52.9","173.2"
"1987732405","Neoorthocaulis floerkei","Herbarium record",2015-05-31,"2015","49.1","-117.7"
"1987770136","Neoorthocaulis floerkei","Herbarium record",1968-07-02,"1968","61.13","-162.82"
"1987724320","Neoorthocaulis floerkei","Herbarium record",1994-08-04,"1994","51.8321","-176.6805"
"1987923377","Neoorthocaulis floerkei","Herbarium record",1968-05-20,"1968","55.5","-133.1"
"1987891599","Neoorthocaulis floerkei","Herbarium record",1970-08-24,"1970","49.5","-125.6"
"1987921088","Neoorthocaulis floerkei","Herbarium record",1974-09-29,"1974","50.3","-122.4"
"1987902734","Neoorthocaulis floerkei","Herbarium record",1980-10-05,"1980","48.8","-121.7"
"1987889984","Neoorthocaulis floerkei","Herbarium record",1974-08-10,"1974","50.0","-123.2"
"1987884708","Neoorthocaulis floerkei","Herbarium record",1949-08-19,"1949","50.3","-121.8"
"1987880089","Neoorthocaulis floerkei","Herbarium record",2002-10-23,"2002","48.1","-121.5"
"1987852036","Neoorthocaulis floerkei","Herbarium record",2008-07-10,"2008","51.8888","-176.6872"
"1987886568","Neoorthocaulis floerkei","Herbarium record",1974-06-06,"1974","50.5","-122.7"
"1987819291","Neoorthocaulis floerkei","Herbarium record",1980-06-11,"1980","50.7","-125.9"
"1987852243","Neoorthocaulis floerkei","Herbarium record",1963-06-13,"1963","54.2","-130.0"
"1987821587","Neoorthocaulis floerkei","Herbarium record",1969-07-08,"1969","49.0","-124.5"
"1987877067","Neoorthocaulis floerkei","Herbarium record",1994-08-17,"1994","51.8192","-176.6451"
"1987877797","Neoorthocaulis floerkei","Herbarium record",2015-07-27,"2015","51.5911","-117.5948"
"1987777315","Neoorthocaulis floerkei","Herbarium record",1977-08-01,"1977","51.2","-123.1"
"1987811106","Neoorthocaulis floerkei","Herbarium record",1959-08-24,"1959","49.4","-123.0"
"1987749933","Neoorthocaulis floerkei","Herbarium record",2002-10-23,"2002","48.1","-121.5"
"1987723324","Neoorthocaulis floerkei","Herbarium record",1994-06-26,"1994","53.3","-132.2"
"1987781221","Neoorthocaulis floerkei","Herbarium record",,"1961","53.3","-132.2"
"1987754189","Neoorthocaulis floerkei","Herbarium record",1961-05-19,"1961","53.5","-132.3"
"1987752060","Neoorthocaulis floerkei","Herbarium record",1974-08-10,"1974","50.0","-123.2"
"1987856669","Neoorthocaulis floerkei","Herbarium record",1961-09-21,"1961","49.4","-123.0"
"1987881737","Neoorthocaulis floerkei","Herbarium record",1980-08-19,"1980","50.0","-123.1"
"4899445223","Neoorthocaulis floerkei","Herbarium record",2023-11-18,"2023","50.755167","-128.016111"
"1987850591","Neoorthocaulis floerkei","Herbarium record",1973-10-28,"1973","49.4","-123.0"
"1987844017","Neoorthocaulis floerkei","Herbarium record",1968-06-22,"1968","56.81","-132.96"
"1987836650","Neoorthocaulis floerkei","Herbarium record",1986-08-15,"1986","54.6","-130.3"
"1987900512","Neoorthocaulis floerkei","Herbarium record",1975-09-21,"1975","49.7","-117.2"
"1987782417","Neoorthocaulis floerkei","Herbarium record",1970-09-12,"1970","50.2","-126.3"
"1987831911","Neoorthocaulis floerkei","Herbarium record",2005-07-07,"2005","57.469","-154.571"
"1987818173","Neoorthocaulis floerkei","Herbarium record",1974-08-10,"1974","50.0","-123.2"
"1987826317","Neoorthocaulis floerkei","Herbarium record",1975-08-03,"1975","46.6","-122.86"
"1987803194","Neoorthocaulis floerkei","Herbarium record",1985-08-18,"1985","53.7","-132.1"
"1987905155","Neoorthocaulis floerkei","Herbarium record",1965-07-25,"1965","54.1","-125.0"
"1987878562","Neoorthocaulis floerkei","Herbarium record",2006-08-29,"2006","51.91","-176.715"
"1987747503","Neoorthocaulis floerkei","Herbarium record",2000-08-10,"2000","52.9","173.2"
"1987775647","Neoorthocaulis floerkei","Herbarium record",1971-08-23,"1971","49.7","-125.6"
"1987833213","Neoorthocaulis floerkei","Herbarium record",1961-06-07,"1961","49.8","-123.0"
"1987818333","Neoorthocaulis floerkei","Herbarium record",1974-08-10,"1974","50.0","-123.2"
"1987838535","Neoorthocaulis floerkei","Herbarium record",1961-07-20,"1961","51.9","-119.9"
"1987811598","Neoorthocaulis floerkei","Herbarium record",1967-09-16,"1967","50.0","-123.1"
"1987827107","Neoorthocaulis floerkei","Herbarium record",2005-07-26,"2005","56.729778","-128.577896"
"1987767933","Neoorthocaulis floerkei","Herbarium record",2002-09-18,"2002","52.9","173.2"
"1987808414","Neoorthocaulis floerkei","Herbarium record",1974-09-01,"1974","50.5","-123.6"
"1987738319","Neoorthocaulis floerkei","Herbarium record",1973-09-29,"1973","49.1","-120.8"
"1987726026","Neoorthocaulis floerkei","Herbarium record",1971-08-23,"1971","49.7","-125.6"
"1987874657","Neoorthocaulis floerkei","Herbarium record",1959-09-10,"1959","50.5","-118.5"
"1987933092","Neoorthocaulis floerkei","Herbarium record",1949-07-30,"1949","49.4","-123.0"
"1987921059","Neoorthocaulis floerkei","Herbarium record",1959-08-24,"1959","49.4","-123.0"
"1987764715","Neoorthocaulis floerkei","Herbarium record",1980-07-09,"1980","52.8","-132.1"
"1987907695","Neoorthocaulis floerkei","Herbarium record",,"1980","50.1","-122.2"
"1987725847","Neoorthocaulis floerkei","Herbarium record",1977-07-23,"1977","56.5","-126.5"
"1987824550","Neoorthocaulis floerkei","Herbarium record",1959-07-08,"1959","50.2","-117.9"
"1987899847","Neoorthocaulis floerkei","Herbarium record",1982-08-14,"1982","49.3","-122.8"
"1987818833","Neoorthocaulis floerkei","Herbarium record",1965-06-09,"1965","53.9","-125.1"
"1987816250","Neoorthocaulis floerkei","Herbarium record",1974-09-01,"1974","50.5","-123.6"
"1987786787","Neoorthocaulis floerkei","Herbarium record",1960-08-03,"1960","49.8","-123.1"
"1987850870","Neoorthocaulis floerkei","Herbarium record",1969-06-29,"1969","49.7","-118.9"
"1987883116","Neoorthocaulis floerkei","Herbarium record",1964-11-06,"1964","50.1","-123.1"
"3892316852","Neoorthocaulis floerkei","iNat record",2022-08-09,"2022","50.432017","-126.642413"
"2028319620","Neoorthocaulis floerkei","Herbarium record",1994-08-17,"1994","51.819183","-176.64505"
"2028245740","Neoorthocaulis floerkei","Herbarium record",1949-07-30,"1949","49.366667","-122.95"
"2028319949","Neoorthocaulis floerkei","Herbarium record",1994-08-10,"1994","51.986167","-176.593333"
"2028312383","Neoorthocaulis floerkei","Herbarium record",1993-10-19,"1993","49.666667","-123.916667"
"2028291433","Neoorthocaulis floerkei","Herbarium record",2002-10-23,"2002","48.066667","-121.483333"
"2028279437","Neoorthocaulis floerkei","Herbarium record",2002-09-14,"2002","52.853611","173.166667"
"2028306080","Neoorthocaulis floerkei","Herbarium record",2001-08-03,"2001","61.216667","-149.891667"
"2028320714","Neoorthocaulis floerkei","Herbarium record",1994-08-26,"1994","51.719917","-176.597117"
"2028160804","Neoorthocaulis floerkei","Herbarium record",2003-07-24,"2003","66.167222","-160.2525"
"2028320646","Neoorthocaulis floerkei","Herbarium record",2005-08-31,"2005","51.8","-176.733333"
"3820673723","Neoorthocaulis floerkei","Herbarium record",1954-07-13,"1954","51.166667","-118.166667"
"3820692752","Neoorthocaulis floerkei","Herbarium record",2002-09-19,"2002","43.9755","-122.0082"
"2005604259","Neoorthocaulis floerkei","Herbarium record",1967-06-19,"1967","51.58122","178.984769"
"2005604486","Neoorthocaulis floerkei","Herbarium record",1927-07-19,"1927","51.543611","-116.538056"
"2573253918","Neoorthocaulis floerkei","Herbarium record",1912-09-22,"1912","51.355776","-116.33104"
"4851107616","Neoorthocaulis floerkei","Herbarium record",1954-07-13,"1954","51.14899","-118.20122"
"4851110074","Neoorthocaulis floerkei","Herbarium record",1945-08-29,"1945","48.120617","-121.606429"
"4911359821","Neoorthocaulis floerkei","Herbarium record",2023-07-10,"2023","45.9537","-121.8247"
"4911359861","Neoorthocaulis floerkei","Herbarium record",2023-07-12,"2023","45.941","-121.8066"
"4911360244","Neoorthocaulis floerkei","Herbarium record",2023-08-03,"2023","46.0496","-121.774"
"4948337417","Neoorthocaulis floerkei","Herbarium record",1962-11-13,"1962","46.7373","-121.56252"
"4851114141","Neoorthocaulis floerkei","Herbarium record",1984-07-14,"1984","48.812343","-121.889314"
"4070499316","Neoorthocaulis floerkei","Herbarium record",1980-07-13,"1980","49.401088","-123.211627"
"4976279961","Neoorthocaulis floerkei","iNat record",2024-08-04,"2024","49.949874","-123.07435"
"2283250590","Neoorthocaulis floerkei","iNat record",2019-07-09,"2019","49.753413","-125.295932"
"4901856357","Neoorthocaulis floerkei","iNat record",2024-06-22,"2024","49.471519","-124.989067"
"5205970705","Neoorthocaulis floerkei","iNat record",2025-06-15,"2025","49.372643","-122.953561"
"3873219198","Neoorthocaulis floerkei","iNat record",2022-07-07,"2022","49.694267","-125.248785"
"4400431333","Neoorthocaulis floerkei","iNat record",2023-08-17,"2023","49.399906","-123.211494"
"3415432859","Neoorthocaulis floerkei","iNat record",2021-08-27,"2021","49.399377","-123.212024"
"3873945393","Neoorthocaulis floerkei","iNat record",2022-07-16,"2022","49.33141","-122.835999"
"3873374850","Neoorthocaulis floerkei","iNat record",2022-07-19,"2022","49.752989","-125.297928"
"2451688654","Neoorthocaulis floerkei","iNat record",2019-11-01,"2019","49.743675","-125.311882"
"4901542585","Neoorthocaulis floerkei","iNat record",2024-06-22,"2024","57.092131","-135.365822"
"4936314240","Neoorthocaulis floerkei","iNat record",2024-08-22,"2024","50.755997","-128.078419"
"3923531921","Neoorthocaulis floerkei","iNat record",2022-09-24,"2022","49.375279","-123.191177"
"5897416929","Neoorthocaulis floerkei","iNat record",2025-06-21,"2025","50.336658","-126.531258"
"4950037131","Neoorthocaulis floerkei","iNat record",2024-09-22,"2024","44.566441","-121.869576"
"4973948503","Neoorthocaulis floerkei","iNat record",2024-10-07,"2024","51.77317","-118.961738"
"4512088618","Neoorthocaulis floerkei","iNat record",2023-11-18,"2023","50.716558","-128.010794"
"2818542598","Neoorthocaulis floerkei","iNat record",2020-07-09,"2020","49.578352","-125.530618"
"2283264222","Neoorthocaulis floerkei","iNat record",2019-07-05,"2019","49.743122","-125.319472"
"4519125335","Neoorthocaulis floerkei","iNat record",2023-07-19,"2023","53.05569","-129.426271"
"5216127258","Neoorthocaulis floerkei","iNat record",2025-06-28,"2025","49.367587","-122.946572"
"5206429722","Neoorthocaulis floerkei","iNat record",2025-06-15,"2025","49.372178","-122.955537"
"4953072883","Neoorthocaulis floerkei","iNat record",2024-10-04,"2024","49.743062","-125.319237"
"4116315371","Neoorthocaulis floerkei","iNat record",2023-05-13,"2023","49.669056","-123.139249"
"5909317223","Neoorthocaulis floerkei","iNat record",2025-11-23,"2025","49.372681","-123.18541"
"4953216390","Neoorthocaulis floerkei","iNat record",2024-10-01,"2024","49.739383","-125.318962"
"5761004949","Neoorthocaulis floerkei","iNat record",2023-08-12,"2023","49.721589","-125.324852"
"4854928201","Neoorthocaulis floerkei","iNat record",2024-04-24,"2024","50.177142","-125.296929"
"2283188876","Neoorthocaulis floerkei","iNat record",2019-07-05,"2019","49.743077","-125.31915"
"5230565591","Neoorthocaulis floerkei","iNat record",2025-07-14,"2025","49.68369","-125.376021"
"4854935904","Neoorthocaulis floerkei","iNat record",2024-04-24,"2024","50.174285","-125.297783"
"4936997868","Neoorthocaulis floerkei","iNat record",2024-08-21,"2024","57.141237","-135.330953"
"4453728596","Neoorthocaulis floerkei","iNat record",2023-10-01,"2023","49.400262","-123.21153"
"5759933015","Neoorthocaulis floerkei","iNat record",2025-08-24,"2025","57.08694","-135.353887"
"5908865211","Neoorthocaulis floerkei","iNat record",2025-11-23,"2025","49.373878","-123.177231"
"1042371809","Neoorthocaulis floerkei","Herbarium record",2008-08-07,"2008","60.8262","-149.1258"
"2028233079","Neoorthocaulis floerkei","Herbarium record",2002-09-18,"2002","52.883333","173.15"
"2028294039","Neoorthocaulis floerkei","Herbarium record",2007-08-18,"2007","53.85","-166.45"
"2028160887","Neoorthocaulis floerkei","Herbarium record",2007-08-13,"2007","53.833333","-166.466667"
"2028315019","Neoorthocaulis floerkei","Herbarium record",1994-08-12,"1994","51.816667","-176.616667"
"2028292897","Neoorthocaulis floerkei","Herbarium record",1978-10-22,"1978","48.8","-121.833333"
"2028180351","Neoorthocaulis floerkei","Herbarium record",1995-07-14,"1995","54.916667","-159.25"
"2028263500","Neoorthocaulis floerkei","Herbarium record",1996-08-18,"1996","49.4","-122.95"
"2028319714","Neoorthocaulis floerkei","Herbarium record",1994-08-18,"1994","51.848317","-176.721167"
"2028202612","Neoorthocaulis floerkei","Herbarium record",1978-10-22,"1978","48.8","-121.833333"
"2028209800","Neoorthocaulis floerkei","Herbarium record",2002-09-18,"2002","52.883333","173.15"
"2028243334","Neoorthocaulis floerkei","Herbarium record",1970-07-09,"1970","50.35","-125.883333"
"2028207309","Neoorthocaulis floerkei","Herbarium record",1980-08-02,"1980","49.416667","-119.916667"
"2028304323","Neoorthocaulis floerkei","Herbarium record",1974-08-07,"1974","50.333333","-122.433333"
"2028297646","Neoorthocaulis floerkei","Herbarium record",2001-09-29,"2001","46.633333","-121.366667"
"2028318220","Neoorthocaulis floerkei","Herbarium record",2002-10-23,"2002","48.066667","-121.483333"
"2028157834","Neoorthocaulis floerkei","Herbarium record",2007-08-10,"2007","53.833333","-166.466667"
"2028200842","Neoorthocaulis floerkei","Herbarium record",1978-10-22,"1978","48.8","-121.833333"
"2028200559","Neoorthocaulis floerkei","Herbarium record",2006-08-17,"2006","51.908056","-176.706111"
"2028180454","Neoorthocaulis floerkei","Herbarium record",1999-10-21,"1999","49.4","-122.95"
"2028302085","Neoorthocaulis floerkei","Herbarium record",1998-07-13,"1998","57.566667","-156.8"
"3477545996","Neoorthocaulis floerkei","Herbarium record",1965-10-09,"1965","49.3933","-122.9444"
"3477555990","Neoorthocaulis floerkei","Herbarium record",1968-09-30,"1968","49.3933","-122.9444"
"3477554990","Neoorthocaulis floerkei","Herbarium record",1968-09-30,"1968","49.3933","-122.9444"
"3477625993","Neoorthocaulis floerkei","Herbarium record",1969-06-06,"1969","50.8646","-121.7375"
"1091055900","Neoorthocaulis floerkei","Herbarium record",1969-09-14,"1969","50.066667","-122.95"
"2597469730","Neoorthocaulis floerkei","Herbarium record",1992-07-07,"1992","61.816667","-149.233333"
"1091055935","Neoorthocaulis floerkei","Herbarium record",1978-04-17,"1978","45.916667","-123.666667"
"1091055911","Neoorthocaulis floerkei","Herbarium record",1968-09-30,"1968","49.399083","-122.950538"
"1091055924","Neoorthocaulis floerkei","Herbarium record",1982-07-15,"1982","48.86318","-121.679308"
"1091055889","Neoorthocaulis floerkei","Herbarium record",1993-10-19,"1993","49.666667","-123.916667"
"1091055903","Neoorthocaulis floerkei","Herbarium record",1965-08-13,"1965","51.591865","-128.005493"
"1091055860","Neoorthocaulis floerkei","Herbarium record",1961-06-20,"1961","49.399083","-122.950538"
"1091055867","Neoorthocaulis floerkei","Herbarium record",1986-08-15,"1986","54.58333","-130.25"
"2597475974","Neoorthocaulis floerkei","Herbarium record",1992-07-07,"1992","61.816667","-149.233333"
"1091055896","Neoorthocaulis floerkei","Herbarium record",1949-07-30,"1949","49.36666","-122.95"
"1091055904","Neoorthocaulis floerkei","Herbarium record",1975-09-18,"1975","66.96666","-156.1333"
"1091055905","Neoorthocaulis floerkei","Herbarium record",1968-09-30,"1968","49.399083","-122.950538"
"1091055894","Neoorthocaulis floerkei","Herbarium record",1988-06-25,"1988","52.633333","-119.05"
"1091055870","Neoorthocaulis floerkei","Herbarium record",1949-08-19,"1949","50.283333","-121.75"
"1091055866","Neoorthocaulis floerkei","Herbarium record",1988-06-25,"1988","52.7","-118.9333"
"1091055893","Neoorthocaulis floerkei","Herbarium record",1981-07-18,"1981","48.855373","-121.721907"
"1091055918","Neoorthocaulis floerkei","Herbarium record",1965-10-09,"1965","49.399083","-122.950538"
"1091055884","Neoorthocaulis floerkei","Herbarium record",1991-06-25,"1991","52.583333","-118.966667"
"1091055873","Neoorthocaulis floerkei","Herbarium record",1975-07-25,"1975","66.95","-156.183333"
"1091055930","Neoorthocaulis floerkei","Herbarium record",1980-08-10,"1980","48.850718","-121.683768"
"1091055916","Neoorthocaulis floerkei","Herbarium record",1988-06-25,"1988","52.633333","-119.05"
"1052551431","Neoorthocaulis floerkei","Herbarium record",2000-08-10,"2000","52.883333","173.166667"
"1805286341","Neoorthocaulis floerkei","Herbarium record",,"1902","48.55","-124.416667"
"1805291864","Neoorthocaulis floerkei","Herbarium record",1901-07-21,"1901","49.166667","-121.416667"
"1805290069","Neoorthocaulis floerkei","Herbarium record",,"1908","50.0","-117.0"
"1805302054","Neoorthocaulis floerkei","Herbarium record",1904-08-10,"1904","51.355278","-116.331944"
"1805294447","Neoorthocaulis floerkei","Herbarium record",1904-08-10,"1904","51.355278","-116.331944"
"1805286635","Neoorthocaulis floerkei","Herbarium record",1904-09-02,"1904","51.5","-116.466667"
"3743926331","Neoorthocaulis floerkei","Herbarium record",1954-07-13,"1954","51.166667","-118.166667"
"3743933343","Neoorthocaulis floerkei","Herbarium record",,"1974","49.666667","-124.333333"
